workload,variant,structure,n,time_ms,steps,moves,comparisons
W1,-,DynamicArray,100,1,10000,0,0
W1,-,MyLinkedList,100,1,492906,0,0
W2,-,DynamicArray,100,0,74740,0,74740
W2,-,MyLinkedList,100,0,75805,0,76305
W3,head,DynamicArray,100,3,601420,1201920,0
W3,head,MyLinkedList,100,0,0,2000,0
W3,middle,DynamicArray,100,0,551420,1101920,0
W3,middle,MyLinkedList,100,0,98000,3000,0
W4,-,MinHeap,100,0,2716,922,847
W1,-,DynamicArray,1000,1,10000,0,0
W1,-,MyLinkedList,1000,7,4934353,0,0
W2,-,DynamicArray,1000,0,746039,0,746039
W2,-,MyLinkedList,1000,2,737404,0,737904
W3,head,DynamicArray,1000,0,1500524,3001024,0
W3,head,MyLinkedList,1000,0,0,2000,0
W3,middle,DynamicArray,1000,0,1000524,2001024,0
W3,middle,MyLinkedList,1000,1,998000,3000,0
W4,-,MinHeap,1000,0,46754,15722,15016
W1,-,DynamicArray,10000,0,10000,0,0
W1,-,MyLinkedList,10000,63,50151519,0,0
W2,-,DynamicArray,10000,3,7480302,0,7480302
W2,-,MyLinkedList,10000,14,7500069,0,7500569
W3,head,DynamicArray,10000,1,10499500,21000000,0
W3,head,MyLinkedList,10000,0,0,2000,0
W3,middle,DynamicArray,10000,0,5499500,11000000,0
W3,middle,MyLinkedList,10000,13,9998000,3000,0
W4,-,MinHeap,10000,1,667072,223778,216647
W1,-,DynamicArray,100000,0,10000,0,0
W1,-,MyLinkedList,100000,620,500173546,0,0
W2,-,DynamicArray,100000,30,75245810,0,75245810
W2,-,MyLinkedList,100000,131,75220490,0,75220990
W3,head,DynamicArray,100000,16,100499500,201000000,0
W3,head,MyLinkedList,100000,0,0,2000,0
W3,middle,DynamicArray,100000,5,50499500,101000000,0
W3,middle,MyLinkedList,100000,133,99998000,3000,0
W4,-,MinHeap,100000,9,8665056,2901476,2831790
